HJD,HJD_Error,Note,BJD,Cycle_obs,Cycle_cal,O-C,OC_Error
2456644.058050 ,0.000140 ,20131217-1m,2456644.058825 ,29386.999760 ,29387.000000 ,-0.000033 ,0.000140 
2456652.016750 ,0.000070 ,20131225-1m,2456652.017525 ,29443.995262 ,29444.000000 ,-0.000662 ,0.000070 
2456665.003300 ,0.000140 ,20140107-1m,2456665.004076 ,29536.997252 ,29537.000000 ,-0.000384 ,0.000140 
2457402.988070 ,0.000030 ,20160115-1m,2457402.988881 ,34822.007663 ,34822.000000 ,0.001070 ,0.000030 
2457716.194750 ,0.000020 ,20161123-1m,2457716.195566 ,37065.008647 ,37065.000000 ,0.001207 ,0.000020 
2456293.987590 ,0.000230 ,20130101-60cm,2456293.988354 ,26880.002189 ,26880.000000 ,0.000306 ,0.000230 
2456305.018950 ,0.000140 ,20130112-60cm,2456305.019715 ,26959.002265 ,26959.000000 ,0.000316 ,0.000140 
2456281.001960 ,0.000240 ,20121219-60cm,2456281.002724 ,26787.006788 ,26787.000000 ,0.000948 ,0.000240 
2457278.152670 ,0.000040 ,20150912-2.16m,2457278.153477 ,33928.010368 ,33928.000000 ,0.001448 ,0.000040 
2457280.247070 ,0.000020 ,20150914-2.16m,2457280.247877 ,33943.009222 ,33943.000000 ,0.001288 ,0.000020 
2458112.066220 ,0.000040 ,20171224-thai2.4m,2458112.067047 ,39900.005961 ,39900.000000 ,0.000832 ,0.000040 
2454853.068270 ,0.000030 ,20090121-2.4m,2454853.069039 ,16560.990310 ,16561.000000 ,-0.001353 ,0.000030 
2455549.998520 ,0.000020 ,20101219-2.4m,2455549.999269 ,21551.992533 ,21552.000000 ,-0.001043 ,0.000020 
2454814.109500 ,0.000140 ,20081213-85cm,2454814.110259 ,16281.990643 ,16282.000000 ,-0.001307 ,0.000140 
2458516.036750 ,0.000030 ,20190201-70CM,2458516.037568 ,42793.003952 ,42793.000000 ,0.000552 ,0.000030 
2458795.031250 ,0.000080 ,20191107-70cm,2458795.032057 ,44790.997538 ,44791.000000 ,-0.000344 ,0.000080 
2458844.183660 ,0.000010 ,20191226-2.4thai,2458844.184465 ,45142.998025 ,45143.000000 ,-0.000276 ,0.000010 
2459173.029030 ,0.000030 ,20201119-1m,2459173.029820 ,47497.994056 ,47498.000000 ,-0.000830 ,0.000030 
2459176.100680 ,0.000040 ,20201122-1m,2459176.101470 ,47519.991396 ,47520.000000 ,-0.001201 ,0.000040 
2460281.051830 ,0.000020 ,20231202-85cm,2460281.052586 ,55432.997964 ,55433.000000 ,-0.000284 ,0.000020 
2460287.056050 ,0.000030 ,20231208-85cm,2460287.056806 ,55475.996636 ,55476.000000 ,-0.000470 ,0.000030 
2460288.033190 ,0.000130 ,20231209-85cm,2460288.033946 ,55482.994335 ,55483.000000 ,-0.000791 ,0.000130 
2454061.463320 ,0.000140 ,Boyd_D.2023JAAVSO,2454061.464098 ,10891.983885 ,10892.000000 ,-0.002250 ,0.000140 
2454081.292190 ,0.000160 ,Boyd_D.2023JAAVSO,2454081.292967 ,11033.986523 ,11034.000000 ,-0.001882 ,0.000160 
2454086.458480 ,0.000080 ,Boyd_D.2023JAAVSO,2454086.459257 ,11070.984437 ,11071.000000 ,-0.002173 ,0.000080 
2455106.370360 ,0.000380 ,Boyd_D.2023JAAVSO,2455106.371120 ,18374.990053 ,18375.000000 ,-0.001389 ,0.000380 
2455188.477290 ,0.000300 ,Boyd_D.2023JAAVSO,2455188.478048 ,18962.991320 ,18963.000000 ,-0.001212 ,0.000300 
2455191.270070 ,0.000190 ,Boyd_D.2023JAAVSO,2455191.270828 ,18982.991558 ,18983.000000 ,-0.001179 ,0.000190 
2455460.490990 ,0.000130 ,Boyd_D.2023JAAVSO,2455460.491741 ,20910.992546 ,20911.000000 ,-0.001041 ,0.000130 
2455533.382060 ,0.000220 ,Boyd_D.2023JAAVSO,2455533.382809 ,21432.995275 ,21433.000000 ,-0.000660 ,0.000220 
2455827.458600 ,0.000140 ,Boyd_D.2023JAAVSO,2455827.459347 ,23538.997511 ,23539.000000 ,-0.000348 ,0.000140 
2455835.417760 ,0.000160 ,Boyd_D.2023JAAVSO,2455835.418507 ,23595.996307 ,23596.000000 ,-0.000516 ,0.000160 
2455836.395180 ,0.000100 ,Boyd_D.2023JAAVSO,2455836.395927 ,23602.996011 ,23603.000000 ,-0.000557 ,0.000100 
2459914.363880 ,0.000210 ,Boyd_D.2023JAAVSO,2459914.364640 ,52806.995759 ,52807.000000 ,-0.000592 ,0.000210 
2459921.346280 ,0.000250 ,Boyd_D.2023JAAVSO,2459921.347040 ,52856.999578 ,52857.000000 ,-0.000059 ,0.000250 
2459928.328010 ,0.000180 ,Boyd_D.2023JAAVSO,2459928.328770 ,52906.998598 ,52907.000000 ,-0.000196 ,0.000180 
2453618.953100 ,0.000200 ,Warren2006PASP,2453618.953866 ,7722.987430 ,7723.000000 ,-0.001755 ,0.000200 
2453669.780100 ,0.000200 ,Warren2006PASP,2453669.780867 ,8086.980341 ,8087.000000 ,-0.002745 ,0.000200 
2453670.757600 ,0.000200 ,Warren2006PASP,2453670.758367 ,8093.980617 ,8094.000000 ,-0.002707 ,0.000200 
2453678.717100 ,0.000200 ,Warren2006PASP,2453678.717867 ,8150.981848 ,8151.000000 ,-0.002535 ,0.000200 
2453678.856400 ,0.000200 ,Warren2006PASP,2453678.857167 ,8151.979433 ,8152.000000 ,-0.002872 ,0.000200 
2453679.695000 ,0.000200 ,Warren2006PASP,2453679.695767 ,8157.984990 ,8158.000000 ,-0.002096 ,0.000200 
2453679.833900 ,0.000200 ,Warren2006PASP,2453679.834667 ,8158.979709 ,8159.000000 ,-0.002833 ,0.000200 
2453680.811000 ,0.000200 ,Warren2006PASP,2453680.811767 ,8165.977122 ,8166.000000 ,-0.003195 ,0.000200 
2453696.591300 ,0.000200 ,Warren2006PASP,2453696.592067 ,8278.986296 ,8279.000000 ,-0.001914 ,0.000200 
2453696.730500 ,0.000200 ,Warren2006PASP,2453696.731267 ,8279.983164 ,8280.000000 ,-0.002351 ,0.000200 
2453702.595200 ,0.000200 ,Warren2006PASP,2453702.595967 ,8321.982677 ,8322.000000 ,-0.002419 ,0.000200 
2453702.734700 ,0.000200 ,Warren2006PASP,2453702.735467 ,8322.981693 ,8323.000000 ,-0.002556 ,0.000200 
2453703.712200 ,0.000200 ,Warren2006PASP,2453703.712967 ,8329.981970 ,8330.000000 ,-0.002518 ,0.000200 
2453703.851900 ,0.000200 ,Warren2006PASP,2453703.852667 ,8330.982419 ,8331.000000 ,-0.002455 ,0.000200 
2453704.689300 ,0.000200 ,Warren2006PASP,2453704.690067 ,8336.979382 ,8337.000000 ,-0.002879 ,0.000200 
2453704.829600 ,0.000200 ,Warren2006PASP,2453704.830367 ,8337.984128 ,8338.000000 ,-0.002216 ,0.000200 
2453705.667100 ,0.000200 ,Warren2006PASP,2453705.667867 ,8343.981808 ,8344.000000 ,-0.002540 ,0.000200 
2453705.806700 ,0.000200 ,Warren2006PASP,2453705.807467 ,8344.981540 ,8345.000000 ,-0.002578 ,0.000200 
2453725.634600 ,0.000200 ,Warren2006PASP,2453725.635367 ,8486.977232 ,8487.000000 ,-0.003179 ,0.000200 
2453726.612800 ,0.000200 ,Warren2006PASP,2453726.613567 ,8493.982522 ,8494.000000 ,-0.002441 ,0.000200 
2453726.752300 ,0.000200 ,Warren2006PASP,2453726.753067 ,8494.981538 ,8495.000000 ,-0.002578 ,0.000200 
2453728.707500 ,0.000200 ,Warren2006PASP,2453728.708267 ,8508.983524 ,8509.000000 ,-0.002301 ,0.000200 
2452540.532100 ,0.000200 ,Rodrguez-Gil2007,2452540.532831 ,-0.025896 ,0.000000 ,-0.003616 ,0.000200 
2452989.327400 ,0.000200 ,Rodrguez-Gil2007,2452989.328150 ,3213.980585 ,3214.000000 ,-0.002711 ,0.000200 
2452990.304200 ,0.000200 ,Rodrguez-Gil2007,2452990.304950 ,3220.975848 ,3221.000000 ,-0.003372 ,0.000200 
2452999.381600 ,0.000200 ,Rodrguez-Gil2007,2452999.382350 ,3285.982818 ,3286.000000 ,-0.002399 ,0.000200 
2454061.463400 ,0.000200 ,Rodrguez-Gil2007,2454061.464178 ,10891.984458 ,10892.000000 ,-0.002170 ,0.000200 
2454081.292100 ,0.000200 ,Rodrguez-Gil2007,2454081.292877 ,11033.985879 ,11034.000000 ,-0.001972 ,0.000200 
2454086.458400 ,0.000200 ,Rodrguez-Gil2007,2454086.459177 ,11070.983864 ,11071.000000 ,-0.002253 ,0.000200 
2455064.479064 ,0.000213 ,AAVSO,2455064.479826 ,18074.989369 ,18075.000000 ,-0.001484 ,0.000213 
2455106.370225 ,0.000079 ,AAVSO,2455106.370985 ,18374.989086 ,18375.000000 ,-0.001524 ,0.000079 
2455188.477667 ,0.000032 ,AAVSO,2455188.478425 ,18962.994020 ,18963.000000 ,-0.000835 ,0.000032 
2455191.270021 ,0.000066 ,AAVSO,2455191.270779 ,18982.991207 ,18983.000000 ,-0.001228 ,0.000066 
2455460.490994 ,0.000035 ,AAVSO,2455460.491745 ,20910.992574 ,20911.000000 ,-0.001037 ,0.000035 
2455533.382163 ,0.000040 ,AAVSO,2455533.382912 ,21432.996012 ,21433.000000 ,-0.000557 ,0.000040 
2455827.458609 ,0.000034 ,AAVSO,2455827.459356 ,23538.997575 ,23539.000000 ,-0.000339 ,0.000034 
2455835.417958 ,0.000040 ,AAVSO,2455835.418705 ,23595.997725 ,23596.000000 ,-0.000318 ,0.000040 
2455836.395116 ,0.000065 ,AAVSO,2455836.395863 ,23602.995552 ,23603.000000 ,-0.000621 ,0.000065 
2456200.429744 ,0.000100 ,AAVSO,2456200.430506 ,26209.996235 ,26210.000000 ,-0.000526 ,0.000100 
2456215.371812 ,0.000047 ,AAVSO,2456215.372575 ,26317.002488 ,26317.000000 ,0.000347 ,0.000047 
2456237.294573 ,0.000069 ,AAVSO,2456237.295336 ,26474.000335 ,26474.000000 ,0.000047 ,0.000069 
2456527.461371 ,0.000118 ,AAVSO,2456527.462142 ,28552.003311 ,28552.000000 ,0.000462 ,0.000118 
2456611.383379 ,0.000105 ,AAVSO,2456611.384153 ,29153.003093 ,29153.000000 ,0.000432 ,0.000105 
2456901.410306 ,0.000056 ,AAVSO,2456901.411090 ,31230.004396 ,31230.000000 ,0.000614 ,0.000056 
2456904.482443 ,0.000056 ,AAVSO,2456904.483227 ,31252.005224 ,31252.000000 ,0.000730 ,0.000056 
2457258.463274 ,0.000041 ,AAVSO,2457258.464081 ,33787.006560 ,33787.000000 ,0.000916 ,0.000041 
2457276.476171 ,0.000037 ,AAVSO,2457276.476978 ,33916.004273 ,33916.000000 ,0.000597 ,0.000037 
2457624.452673 ,0.000041 ,AAVSO,2457624.453488 ,36408.006156 ,36408.000000 ,0.000860 ,0.000041 
2457631.434574 ,0.000026 ,AAVSO,2457631.435389 ,36458.006401 ,36458.000000 ,0.000894 ,0.000026 
2458029.401298 ,0.000066 ,AAVSO,2458029.402126 ,39308.008685 ,39308.000000 ,0.001213 ,0.000066 
2458054.396613 ,0.000033 ,AAVSO,2458054.397440 ,39487.010346 ,39487.000000 ,0.001445 ,0.000033 
2458056.351342 ,0.000025 ,AAVSO,2458056.352169 ,39501.008959 ,39501.000000 ,0.001251 ,0.000025 
2458362.436187 ,0.000081 ,AAVSO,2458362.437009 ,41693.007573 ,41693.000000 ,0.001057 ,0.000081 
2458363.413508 ,0.000041 ,AAVSO,2458363.414330 ,41700.006568 ,41700.000000 ,0.000917 ,0.000041 
2458388.408481 ,0.000083 ,AAVSO,2458388.409303 ,41879.005780 ,41879.000000 ,0.000807 ,0.000083 
2458721.443108 ,0.000032 ,AAVSO,2458721.443919 ,44264.002792 ,44264.000000 ,0.000390 ,0.000032 
2458741.410640 ,0.000110 ,AAVSO,2458741.411450 ,44406.998445 ,44407.000000 ,-0.000217 ,0.000110 
2458759.424344 ,0.000030 ,AAVSO,2458759.425153 ,44536.001938 ,44536.000000 ,0.000271 ,0.000030 
2458773.387810 ,0.000056 ,AAVSO,2458773.388618 ,44636.000022 ,44636.000000 ,0.000003 ,0.000056 
2458906.322806 ,0.000233 ,AAVSO,2458906.323609 ,45588.001834 ,45588.000000 ,0.000256 ,0.000233 
2459105.444618 ,0.000043 ,AAVSO,2459105.445411 ,47013.994473 ,47014.000000 ,-0.000772 ,0.000043 
2459106.421588 ,0.000081 ,AAVSO,2459106.422381 ,47020.990954 ,47021.000000 ,-0.001263 ,0.000081 
2459107.399784 ,0.000037 ,AAVSO,2459107.400577 ,47027.996215 ,47028.000000 ,-0.000528 ,0.000037 
2459523.378836 ,0.000027 ,AAVSO,2459523.379610 ,50006.992138 ,50007.000000 ,-0.001098 ,0.000027 
2459526.311494 ,0.000026 ,AAVSO,2459526.312268 ,50027.994100 ,50028.000000 ,-0.000824 ,0.000026 
2459541.392839 ,0.000163 ,AAVSO,2459541.393612 ,50135.997772 ,50136.000000 ,-0.000311 ,0.000163 
2458727.726262 ,0.000048 ,AAVSO,2458727.727072 ,44308.999024 ,44309.000000 ,-0.000136 ,0.000048 
2456609.567755 ,0.000080 ,AAVSO,2456609.568529 ,29140.000668 ,29140.000000 ,0.000093 ,0.000080 
2456609.707754 ,0.000142 ,AAVSO,2456609.708528 ,29141.003258 ,29141.000000 ,0.000455 ,0.000142 
2456609.847323 ,0.000101 ,AAVSO,2456609.848097 ,29142.002769 ,29142.000000 ,0.000387 ,0.000101 
2456616.549943 ,0.000105 ,AAVSO,2456616.550717 ,29190.002969 ,29190.000000 ,0.000415 ,0.000105 
2456616.689703 ,0.000076 ,AAVSO,2456616.690477 ,29191.003847 ,29191.000000 ,0.000537 ,0.000076 
2456619.622035 ,0.000051 ,AAVSO,2456619.622809 ,29212.003475 ,29212.000000 ,0.000485 ,0.000051 
2456619.761443 ,0.000079 ,AAVSO,2456619.762217 ,29213.001832 ,29213.000000 ,0.000256 ,0.000079 
2456620.599302 ,0.000042 ,AAVSO,2456620.600076 ,29219.002083 ,29219.000000 ,0.000291 ,0.000042 
2456620.738676 ,0.000051 ,AAVSO,2456620.739450 ,29220.000197 ,29220.000000 ,0.000028 ,0.000051 
2456621.576969 ,0.000056 ,AAVSO,2456621.577743 ,29226.003556 ,29226.000000 ,0.000496 ,0.000056 
2456621.716688 ,0.000037 ,AAVSO,2456621.717462 ,29227.004140 ,29227.000000 ,0.000578 ,0.000037 
2458764.730415 ,0.000363 ,TESS,2458764.731224 ,44574.000880 ,44574.000000 ,0.000123 ,0.000363 
2458764.869698 ,0.000194 ,TESS,2458764.870507 ,44574.998343 ,44575.000000 ,-0.000231 ,0.000194 
2458765.010287 ,0.000173 ,TESS,2458765.011096 ,44576.005158 ,44576.000000 ,0.000720 ,0.000173 
2458765.149136 ,0.000143 ,TESS,2458765.149945 ,44576.999512 ,44577.000000 ,-0.000068 ,0.000143 
2458765.288834 ,0.000185 ,TESS,2458765.289643 ,44577.999947 ,44578.000000 ,-0.000007 ,0.000185 
2458765.428379 ,0.000196 ,TESS,2458765.429188 ,44578.999286 ,44579.000000 ,-0.000100 ,0.000196 
2458765.568301 ,0.000139 ,TESS,2458765.569110 ,44580.001324 ,44580.000000 ,0.000185 ,0.000139 
2458765.708652 ,0.000191 ,TESS,2458765.709461 ,44581.006435 ,44581.000000 ,0.000899 ,0.000191 
2458765.847653 ,0.000185 ,TESS,2458765.848462 ,44582.001878 ,44582.000000 ,0.000262 ,0.000185 
2458765.987778 ,0.000203 ,TESS,2458765.988587 ,44583.005370 ,44583.000000 ,0.000750 ,0.000203 
2458766.126279 ,0.000319 ,TESS,2458766.127088 ,44583.997233 ,44584.000000 ,-0.000386 ,0.000319 
2458766.265912 ,0.000222 ,TESS,2458766.266721 ,44584.997202 ,44585.000000 ,-0.000391 ,0.000222 
2458766.406417 ,0.000171 ,TESS,2458766.407226 ,44586.003415 ,44586.000000 ,0.000477 ,0.000171 
2458766.545847 ,0.000171 ,TESS,2458766.546656 ,44587.001930 ,44587.000000 ,0.000270 ,0.000171 
2458766.685419 ,0.000124 ,TESS,2458766.686228 ,44588.001463 ,44588.000000 ,0.000204 ,0.000124 
2458766.825635 ,0.000124 ,TESS,2458766.826444 ,44589.005607 ,44589.000000 ,0.000783 ,0.000124 
2458766.964782 ,0.000189 ,TESS,2458766.965591 ,44590.002095 ,44590.000000 ,0.000293 ,0.000189 
2458767.104847 ,0.000194 ,TESS,2458767.105656 ,44591.005158 ,44591.000000 ,0.000720 ,0.000194 
2458767.243826 ,0.000157 ,TESS,2458767.244635 ,44592.000443 ,44592.000000 ,0.000062 ,0.000157 
2458767.383484 ,0.000315 ,TESS,2458767.384293 ,44593.000591 ,44593.000000 ,0.000083 ,0.000315 
2458767.523153 ,0.000119 ,TESS,2458767.523962 ,44594.000818 ,44594.000000 ,0.000114 ,0.000119 
2458767.662380 ,0.000165 ,TESS,2458767.663189 ,44594.997879 ,44595.000000 ,-0.000296 ,0.000165 
2458767.802053 ,0.000204 ,TESS,2458767.802862 ,44595.998135 ,44596.000000 ,-0.000260 ,0.000204 
2458767.942476 ,0.000139 ,TESS,2458767.943285 ,44597.003761 ,44597.000000 ,0.000525 ,0.000139 
2458768.081161 ,0.000134 ,TESS,2458768.081970 ,44597.996941 ,44598.000000 ,-0.000427 ,0.000134 
2458768.221595 ,0.000170 ,TESS,2458768.222404 ,44599.002646 ,44599.000000 ,0.000370 ,0.000170 
2458768.361239 ,0.000234 ,TESS,2458768.362048 ,44600.002694 ,44600.000000 ,0.000376 ,0.000234 
2458768.500495 ,0.000169 ,TESS,2458768.501304 ,44600.999963 ,44601.000000 ,-0.000005 ,0.000169 
2458768.640931 ,0.000168 ,TESS,2458768.641740 ,44602.005683 ,44602.000000 ,0.000794 ,0.000168 
2458768.779754 ,0.000179 ,TESS,2458768.780563 ,44602.999851 ,44603.000000 ,-0.000021 ,0.000179 
2458768.919119 ,0.000134 ,TESS,2458768.919928 ,44603.997901 ,44604.000000 ,-0.000293 ,0.000134 
2458769.059399 ,0.000313 ,TESS,2458769.060208 ,44605.002503 ,44605.000000 ,0.000350 ,0.000313 
2458769.198929 ,0.000239 ,TESS,2458769.199738 ,44606.001734 ,44606.000000 ,0.000242 ,0.000239 
2458769.338776 ,0.000315 ,TESS,2458769.339585 ,44607.003236 ,44607.000000 ,0.000452 ,0.000315 
2458769.478259 ,0.000125 ,TESS,2458769.479068 ,44608.002131 ,44608.000000 ,0.000298 ,0.000125 
2458769.617755 ,0.000214 ,TESS,2458769.618564 ,44609.001119 ,44609.000000 ,0.000156 ,0.000214 
2458769.757436 ,0.000285 ,TESS,2458769.758245 ,44610.001431 ,44610.000000 ,0.000200 ,0.000285 
2458769.896677 ,0.000251 ,TESS,2458769.897486 ,44610.998593 ,44611.000000 ,-0.000196 ,0.000251 
2458770.036317 ,0.000272 ,TESS,2458770.037126 ,44611.998612 ,44612.000000 ,-0.000194 ,0.000272 
2458770.176312 ,0.000192 ,TESS,2458770.177121 ,44613.001173 ,44613.000000 ,0.000164 ,0.000192 
2458770.316069 ,0.000208 ,TESS,2458770.316878 ,44614.002030 ,44614.000000 ,0.000284 ,0.000208 
2458770.456363 ,0.000176 ,TESS,2458770.457172 ,44615.006733 ,44615.000000 ,0.000940 ,0.000176 
2458770.594949 ,0.000218 ,TESS,2458770.595758 ,44615.999204 ,44616.000000 ,-0.000111 ,0.000218 
2458770.735072 ,0.000162 ,TESS,2458770.735880 ,44617.002682 ,44617.000000 ,0.000375 ,0.000162 
2458770.874291 ,0.000139 ,TESS,2458770.875099 ,44617.999686 ,44618.000000 ,-0.000044 ,0.000139 
2458771.014435 ,0.000127 ,TESS,2458771.015243 ,44619.003315 ,44619.000000 ,0.000463 ,0.000127 
2458771.153660 ,0.000093 ,TESS,2458771.154468 ,44620.000362 ,44620.000000 ,0.000050 ,0.000093 
2458771.293600 ,0.000171 ,TESS,2458771.294408 ,44621.002529 ,44621.000000 ,0.000353 ,0.000171 
2458771.433607 ,0.000152 ,TESS,2458771.434415 ,44622.005176 ,44622.000000 ,0.000723 ,0.000152 
2458771.572803 ,0.000153 ,TESS,2458771.573611 ,44623.002016 ,44623.000000 ,0.000281 ,0.000153 
2458771.712158 ,0.000162 ,TESS,2458771.712966 ,44623.999994 ,44624.000000 ,-0.000001 ,0.000162 
2458771.851877 ,0.000191 ,TESS,2458771.852685 ,44625.000579 ,44625.000000 ,0.000081 ,0.000191 
2458771.991656 ,0.000291 ,TESS,2458771.992464 ,44626.001593 ,44626.000000 ,0.000222 ,0.000291 
2458772.131170 ,0.000140 ,TESS,2458772.131978 ,44627.000710 ,44627.000000 ,0.000099 ,0.000140 
2458772.271226 ,0.000222 ,TESS,2458772.272034 ,44628.003708 ,44628.000000 ,0.000518 ,0.000222 
2458772.410804 ,0.000095 ,TESS,2458772.411612 ,44629.003283 ,44629.000000 ,0.000458 ,0.000095 
2458777.856295 ,0.000169 ,TESS,2458777.857103 ,44668.000669 ,44668.000000 ,0.000093 ,0.000169 
2458778.135396 ,0.000168 ,TESS,2458778.136204 ,44669.999425 ,44670.000000 ,-0.000080 ,0.000168 
2458778.275647 ,0.000094 ,TESS,2458778.276455 ,44671.003820 ,44671.000000 ,0.000533 ,0.000094 
2458778.414907 ,0.000099 ,TESS,2458778.415715 ,44672.001118 ,44672.000000 ,0.000156 ,0.000099 
2458778.554499 ,0.000211 ,TESS,2458778.555307 ,44673.000793 ,44673.000000 ,0.000111 ,0.000211 
2458778.693969 ,0.000149 ,TESS,2458778.694777 ,44673.999595 ,44674.000000 ,-0.000057 ,0.000149 
2458778.833531 ,0.000282 ,TESS,2458778.834339 ,44674.999055 ,44675.000000 ,-0.000132 ,0.000282 
2458778.972887 ,0.000236 ,TESS,2458778.973695 ,44675.997040 ,44676.000000 ,-0.000413 ,0.000236 
2458779.112912 ,0.000149 ,TESS,2458779.113720 ,44676.999817 ,44677.000000 ,-0.000026 ,0.000149 
2458779.252445 ,0.000141 ,TESS,2458779.253253 ,44677.999069 ,44678.000000 ,-0.000130 ,0.000141 
2458779.392481 ,0.000152 ,TESS,2458779.393289 ,44679.001924 ,44679.000000 ,0.000269 ,0.000152 
2458779.531981 ,0.000287 ,TESS,2458779.532789 ,44680.000941 ,44680.000000 ,0.000131 ,0.000287 
2458779.671750 ,0.000152 ,TESS,2458779.672558 ,44681.001884 ,44681.000000 ,0.000263 ,0.000152 
2458779.811406 ,0.000175 ,TESS,2458779.812214 ,44682.002018 ,44682.000000 ,0.000282 ,0.000175 
2458779.950778 ,0.000128 ,TESS,2458779.951586 ,44683.000117 ,44683.000000 ,0.000016 ,0.000128 
2458780.090708 ,0.000434 ,TESS,2458780.091516 ,44684.002213 ,44684.000000 ,0.000309 ,0.000434 
2458780.230222 ,0.000182 ,TESS,2458780.231030 ,44685.001330 ,44685.000000 ,0.000186 ,0.000182 
2458780.369455 ,0.000280 ,TESS,2458780.370263 ,44685.998434 ,44686.000000 ,-0.000219 ,0.000280 
2458780.509849 ,0.000211 ,TESS,2458780.510657 ,44687.003853 ,44687.000000 ,0.000538 ,0.000211 
2458780.648460 ,0.000116 ,TESS,2458780.649268 ,44687.996503 ,44688.000000 ,-0.000488 ,0.000116 
2458780.788271 ,0.000144 ,TESS,2458780.789079 ,44688.997747 ,44689.000000 ,-0.000315 ,0.000144 
2458780.927848 ,0.000208 ,TESS,2458780.928656 ,44689.997315 ,44690.000000 ,-0.000375 ,0.000208 
2458781.067633 ,0.000083 ,TESS,2458781.068441 ,44690.998372 ,44691.000000 ,-0.000227 ,0.000083 
2458781.208129 ,0.000233 ,TESS,2458781.208937 ,44692.004521 ,44692.000000 ,0.000631 ,0.000233 
2458781.346834 ,0.000126 ,TESS,2458781.347642 ,44692.997845 ,44693.000000 ,-0.000301 ,0.000126 
2458781.486896 ,0.000133 ,TESS,2458781.487704 ,44694.000886 ,44694.000000 ,0.000124 ,0.000133 
2458781.626710 ,0.000194 ,TESS,2458781.627518 ,44695.002151 ,44695.000000 ,0.000300 ,0.000194 
2458781.765872 ,0.000195 ,TESS,2458781.766680 ,44695.998747 ,44696.000000 ,-0.000175 ,0.000195 
2458781.906107 ,0.000183 ,TESS,2458781.906915 ,44697.003027 ,44697.000000 ,0.000423 ,0.000183 
2458782.045218 ,0.000108 ,TESS,2458782.046026 ,44697.999258 ,44698.000000 ,-0.000104 ,0.000108 
2458782.184903 ,0.000317 ,TESS,2458782.185711 ,44698.999599 ,44699.000000 ,-0.000056 ,0.000317 
2458782.324275 ,0.000142 ,TESS,2458782.325083 ,44699.997699 ,44700.000000 ,-0.000321 ,0.000142 
2458782.464792 ,0.000185 ,TESS,2458782.465600 ,44701.003999 ,44701.000000 ,0.000558 ,0.000185 
2458782.603987 ,0.000194 ,TESS,2458782.604795 ,44702.000831 ,44702.000000 ,0.000116 ,0.000194 
2458782.743794 ,0.000131 ,TESS,2458782.744602 ,44703.002046 ,44703.000000 ,0.000286 ,0.000131 
2458782.883892 ,0.000279 ,TESS,2458782.884700 ,44704.005345 ,44704.000000 ,0.000746 ,0.000279 
2458783.023332 ,0.000228 ,TESS,2458783.024140 ,44705.003932 ,44705.000000 ,0.000549 ,0.000228 
2458783.162125 ,0.000187 ,TESS,2458783.162933 ,44705.997885 ,44706.000000 ,-0.000295 ,0.000187 
2458783.302297 ,0.000104 ,TESS,2458783.303105 ,44707.001714 ,44707.000000 ,0.000239 ,0.000104 
2458783.441503 ,0.000266 ,TESS,2458783.442311 ,44707.998625 ,44708.000000 ,-0.000192 ,0.000266 
2458783.581366 ,0.000091 ,TESS,2458783.582174 ,44709.000241 ,44709.000000 ,0.000034 ,0.000091 
2458783.721257 ,0.000201 ,TESS,2458783.722065 ,44710.002058 ,44710.000000 ,0.000287 ,0.000201 
2458783.860637 ,0.000182 ,TESS,2458783.861445 ,44711.000215 ,44711.000000 ,0.000030 ,0.000182 
2458783.999633 ,0.000143 ,TESS,2458784.000441 ,44711.995622 ,44712.000000 ,-0.000611 ,0.000143 
2458784.139715 ,0.000126 ,TESS,2458784.140523 ,44712.998806 ,44713.000000 ,-0.000167 ,0.000126 
2458784.279214 ,0.000357 ,TESS,2458784.280022 ,44713.997816 ,44714.000000 ,-0.000305 ,0.000357 
2458784.419168 ,0.000185 ,TESS,2458784.419976 ,44715.000084 ,44715.000000 ,0.000012 ,0.000185 
2458784.558466 ,0.000314 ,TESS,2458784.559274 ,44715.997653 ,44716.000000 ,-0.000328 ,0.000314 
2458784.698405 ,0.000212 ,TESS,2458784.699213 ,44716.999814 ,44717.000000 ,-0.000026 ,0.000212 
2458784.837675 ,0.000276 ,TESS,2458784.838483 ,44717.997183 ,44718.000000 ,-0.000393 ,0.000276 
2458784.978419 ,0.000166 ,TESS,2458784.979227 ,44719.005108 ,44719.000000 ,0.000713 ,0.000166 
2458785.117378 ,0.000104 ,TESS,2458785.118186 ,44720.000251 ,44720.000000 ,0.000035 ,0.000104 
2458785.257520 ,0.000237 ,TESS,2458785.258328 ,44721.003865 ,44721.000000 ,0.000540 ,0.000237 
2458785.396658 ,0.000269 ,TESS,2458785.397466 ,44722.000289 ,44722.000000 ,0.000040 ,0.000269 
2458785.536964 ,0.000159 ,TESS,2458785.537772 ,44723.005077 ,44723.000000 ,0.000709 ,0.000159 
2458785.676012 ,0.000081 ,TESS,2458785.676820 ,44724.000857 ,44724.000000 ,0.000120 ,0.000081 
2458785.815806 ,0.000234 ,TESS,2458785.816614 ,44725.001979 ,44725.000000 ,0.000276 ,0.000234 
2458785.955165 ,0.000150 ,TESS,2458785.955973 ,44725.999986 ,44726.000000 ,-0.000002 ,0.000150 
2458786.094601 ,0.000268 ,TESS,2458786.095409 ,44726.998544 ,44727.000000 ,-0.000203 ,0.000268 
2458786.234835 ,0.000422 ,TESS,2458786.235643 ,44728.002817 ,44728.000000 ,0.000393 ,0.000422 
2458786.374274 ,0.000207 ,TESS,2458786.375082 ,44729.001396 ,44729.000000 ,0.000195 ,0.000207 
2458786.514118 ,0.000136 ,TESS,2458786.514926 ,44730.002876 ,44730.000000 ,0.000402 ,0.000136 
2458786.653678 ,0.000083 ,TESS,2458786.654486 ,44731.002322 ,44731.000000 ,0.000324 ,0.000083 
2459853.482562 ,0.000250 ,TESS,2459853.483324 ,52370.999770 ,52371.000000 ,-0.000032 ,0.000250 
2459853.621992 ,0.000173 ,TESS,2459853.622754 ,52371.998285 ,52372.000000 ,-0.000239 ,0.000173 
2459853.761388 ,0.000204 ,TESS,2459853.762150 ,52372.996557 ,52373.000000 ,-0.000481 ,0.000204 
2459853.901359 ,0.000157 ,TESS,2459853.902121 ,52373.998947 ,52374.000000 ,-0.000147 ,0.000157 
2459854.041437 ,0.000273 ,TESS,2459854.042199 ,52375.002102 ,52375.000000 ,0.000294 ,0.000273 
2459854.180584 ,0.000157 ,TESS,2459854.181346 ,52375.998591 ,52376.000000 ,-0.000197 ,0.000157 
2459854.320251 ,0.000425 ,TESS,2459854.321013 ,52376.998803 ,52377.000000 ,-0.000167 ,0.000425 
2459854.459543 ,0.000216 ,TESS,2459854.460305 ,52377.996330 ,52378.000000 ,-0.000512 ,0.000216 
2459854.599089 ,0.000472 ,TESS,2459854.599851 ,52378.995676 ,52379.000000 ,-0.000604 ,0.000472 
2459854.738781 ,0.000266 ,TESS,2459854.739543 ,52379.996068 ,52380.000000 ,-0.000549 ,0.000266 
2459854.878588 ,0.000203 ,TESS,2459854.879350 ,52380.997283 ,52381.000000 ,-0.000379 ,0.000203 
2459855.017713 ,0.000284 ,TESS,2459855.018475 ,52381.993614 ,52382.000000 ,-0.000892 ,0.000284 
2459855.158328 ,0.000682 ,TESS,2459855.159090 ,52383.000615 ,52383.000000 ,0.000086 ,0.000682 
2459855.297346 ,0.000121 ,TESS,2459855.298108 ,52383.996180 ,52384.000000 ,-0.000533 ,0.000121 
2459855.437103 ,0.000230 ,TESS,2459855.437865 ,52384.997037 ,52385.000000 ,-0.000414 ,0.000230 
2459855.576466 ,0.000268 ,TESS,2459855.577228 ,52385.995072 ,52386.000000 ,-0.000688 ,0.000268 
2459855.716552 ,0.000138 ,TESS,2459855.717314 ,52386.998285 ,52387.000000 ,-0.000239 ,0.000138 
2459855.855522 ,0.000198 ,TESS,2459855.856284 ,52387.993506 ,52388.000000 ,-0.000907 ,0.000198 
2459855.995890 ,0.000194 ,TESS,2459855.996652 ,52388.998739 ,52389.000000 ,-0.000176 ,0.000194 
2459856.134912 ,0.000394 ,TESS,2459856.135674 ,52389.994332 ,52390.000000 ,-0.000791 ,0.000394 
2459856.274636 ,0.000243 ,TESS,2459856.275398 ,52390.994953 ,52391.000000 ,-0.000705 ,0.000243 
2459856.414137 ,0.000199 ,TESS,2459856.414899 ,52391.993976 ,52392.000000 ,-0.000841 ,0.000199 
2459856.554085 ,0.000278 ,TESS,2459856.554847 ,52392.996201 ,52393.000000 ,-0.000530 ,0.000278 
2459856.694080 ,0.000109 ,TESS,2459856.694842 ,52393.998762 ,52394.000000 ,-0.000173 ,0.000109 
2459856.832550 ,0.000604 ,TESS,2459856.833312 ,52394.990403 ,52395.000000 ,-0.001340 ,0.000604 
2459856.973343 ,0.000211 ,TESS,2459856.974105 ,52395.998679 ,52396.000000 ,-0.000184 ,0.000211 
2459857.112256 ,0.000195 ,TESS,2459857.113018 ,52396.993492 ,52397.000000 ,-0.000909 ,0.000195 
2459857.251754 ,0.000313 ,TESS,2459857.252516 ,52397.992494 ,52398.000000 ,-0.001048 ,0.000313 
2459857.392175 ,0.000191 ,TESS,2459857.392937 ,52398.998106 ,52399.000000 ,-0.000264 ,0.000191 
2459857.531754 ,0.000167 ,TESS,2459857.532516 ,52399.997688 ,52400.000000 ,-0.000323 ,0.000167 
2459857.671407 ,0.000325 ,TESS,2459857.672169 ,52400.997800 ,52401.000000 ,-0.000307 ,0.000325 
2459857.811046 ,0.000237 ,TESS,2459857.811808 ,52401.997812 ,52402.000000 ,-0.000305 ,0.000237 
2459857.950111 ,0.000475 ,TESS,2459857.950873 ,52402.993714 ,52403.000000 ,-0.000878 ,0.000475 
2459858.090974 ,0.000323 ,TESS,2459858.091736 ,52404.002491 ,52404.000000 ,0.000348 ,0.000323 
2459858.230544 ,0.000172 ,TESS,2459858.231306 ,52405.002009 ,52405.000000 ,0.000281 ,0.000172 
2459858.368642 ,0.000315 ,TESS,2459858.369404 ,52405.990985 ,52406.000000 ,-0.001259 ,0.000315 
2459858.509533 ,0.000299 ,TESS,2459858.510295 ,52406.999963 ,52407.000000 ,-0.000005 ,0.000299 
2459858.648940 ,0.000192 ,TESS,2459858.649702 ,52407.998314 ,52408.000000 ,-0.000235 ,0.000192 
2459858.787643 ,0.000279 ,TESS,2459858.788405 ,52408.991622 ,52409.000000 ,-0.001170 ,0.000279 
2459858.928700 ,0.000198 ,TESS,2459858.929462 ,52410.001789 ,52410.000000 ,0.000250 ,0.000198 
2459859.067453 ,0.000251 ,TESS,2459859.068215 ,52410.995456 ,52411.000000 ,-0.000634 ,0.000251 
2459859.206718 ,0.000248 ,TESS,2459859.207480 ,52411.992790 ,52412.000000 ,-0.001007 ,0.000248 
2459859.347116 ,0.000279 ,TESS,2459859.347878 ,52412.998237 ,52413.000000 ,-0.000246 ,0.000279 
2459859.486641 ,0.000493 ,TESS,2459859.487403 ,52413.997433 ,52414.000000 ,-0.000359 ,0.000493 
2459859.626045 ,0.000176 ,TESS,2459859.626807 ,52414.995762 ,52415.000000 ,-0.000592 ,0.000176 
2459859.765336 ,0.000415 ,TESS,2459859.766098 ,52415.993281 ,52416.000000 ,-0.000938 ,0.000415 
2459859.905996 ,0.000287 ,TESS,2459859.906758 ,52417.000605 ,52417.000000 ,0.000084 ,0.000287 
2459860.044760 ,0.000105 ,TESS,2459860.045522 ,52417.994351 ,52418.000000 ,-0.000789 ,0.000105 
2459860.184968 ,0.000153 ,TESS,2459860.185730 ,52418.998438 ,52419.000000 ,-0.000218 ,0.000153 
2459860.323836 ,0.000230 ,TESS,2459860.324598 ,52419.992928 ,52420.000000 ,-0.000988 ,0.000230 
2459860.464132 ,0.000306 ,TESS,2459860.464894 ,52420.997645 ,52421.000000 ,-0.000329 ,0.000306 
2459860.882949 ,0.000231 ,TESS,2459860.883711 ,52423.996965 ,52424.000000 ,-0.000424 ,0.000231 
2459861.022819 ,0.000129 ,TESS,2459861.023581 ,52424.998631 ,52425.000000 ,-0.000191 ,0.000129 
2459861.161614 ,0.000203 ,TESS,2459861.162376 ,52425.992599 ,52426.000000 ,-0.001034 ,0.000203 
2459861.301610 ,0.000255 ,TESS,2459861.302372 ,52426.995167 ,52427.000000 ,-0.000675 ,0.000255 
2459861.441682 ,0.000463 ,TESS,2459861.442444 ,52427.998280 ,52428.000000 ,-0.000240 ,0.000463 
2459861.580429 ,0.000246 ,TESS,2459861.581191 ,52428.991904 ,52429.000000 ,-0.001131 ,0.000246 
2459861.721270 ,0.000497 ,TESS,2459861.722032 ,52430.000524 ,52430.000000 ,0.000073 ,0.000497 
2459861.860836 ,0.000304 ,TESS,2459861.861598 ,52431.000013 ,52431.000000 ,0.000002 ,0.000304 
2459862.000155 ,0.000186 ,TESS,2459862.000917 ,52431.997733 ,52432.000000 ,-0.000317 ,0.000186 
2459862.139116 ,0.000264 ,TESS,2459862.139878 ,52432.992890 ,52433.000000 ,-0.000993 ,0.000264 
2459862.279450 ,0.000260 ,TESS,2459862.280212 ,52433.997879 ,52434.000000 ,-0.000296 ,0.000260 
2459862.418933 ,0.000269 ,TESS,2459862.419695 ,52434.996773 ,52435.000000 ,-0.000451 ,0.000269 
2459862.558404 ,0.000203 ,TESS,2459862.559166 ,52435.995582 ,52436.000000 ,-0.000617 ,0.000203 
2459862.698571 ,0.000154 ,TESS,2459862.699333 ,52436.999375 ,52437.000000 ,-0.000087 ,0.000154 
2459862.837134 ,0.000139 ,TESS,2459862.837896 ,52437.991682 ,52438.000000 ,-0.001162 ,0.000139 
2459862.977587 ,0.000243 ,TESS,2459862.978349 ,52438.997523 ,52439.000000 ,-0.000346 ,0.000243 
2459863.117036 ,0.000210 ,TESS,2459863.117798 ,52439.996174 ,52440.000000 ,-0.000534 ,0.000210 
2459863.256508 ,0.000277 ,TESS,2459863.257270 ,52440.994990 ,52441.000000 ,-0.000700 ,0.000277 
2459866.468723 ,0.000310 ,TESS,2459866.469485 ,52463.998974 ,52464.000000 ,-0.000143 ,0.000310 
2459866.608383 ,0.000304 ,TESS,2459866.609145 ,52464.999136 ,52465.000000 ,-0.000121 ,0.000304 
2459866.748482 ,0.000309 ,TESS,2459866.749244 ,52466.002443 ,52466.000000 ,0.000341 ,0.000309 
2459866.887294 ,0.000374 ,TESS,2459866.888056 ,52466.996532 ,52467.000000 ,-0.000484 ,0.000374 
2459867.027154 ,0.000383 ,TESS,2459867.027916 ,52467.998127 ,52468.000000 ,-0.000262 ,0.000383 
2459867.165975 ,0.000232 ,TESS,2459867.166737 ,52468.992280 ,52469.000000 ,-0.001078 ,0.000232 
2459867.586060 ,0.000249 ,TESS,2459867.586822 ,52472.000681 ,52472.000000 ,0.000095 ,0.000249 
2459867.725102 ,0.000202 ,TESS,2459867.725864 ,52472.996417 ,52473.000000 ,-0.000500 ,0.000202 
2459867.864011 ,0.000208 ,TESS,2459867.864773 ,52473.991201 ,52474.000000 ,-0.001229 ,0.000208 
2459868.004710 ,0.000144 ,TESS,2459868.005472 ,52474.998804 ,52475.000000 ,-0.000167 ,0.000144 
2459868.144156 ,0.000214 ,TESS,2459868.144918 ,52475.997434 ,52476.000000 ,-0.000358 ,0.000214 
2459868.283573 ,0.000230 ,TESS,2459868.284335 ,52476.995856 ,52477.000000 ,-0.000579 ,0.000230 
2459868.422434 ,0.000201 ,TESS,2459868.423196 ,52477.990297 ,52478.000000 ,-0.001355 ,0.000201 
2459868.562707 ,0.000201 ,TESS,2459868.563469 ,52478.994849 ,52479.000000 ,-0.000719 ,0.000201 
2459868.702711 ,0.000260 ,TESS,2459868.703473 ,52479.997475 ,52480.000000 ,-0.000353 ,0.000260 
2459868.842327 ,0.000410 ,TESS,2459868.843088 ,52480.997322 ,52481.000000 ,-0.000374 ,0.000410 
2459868.981785 ,0.000225 ,TESS,2459868.982546 ,52481.996038 ,52482.000000 ,-0.000553 ,0.000225 
2459869.121250 ,0.000217 ,TESS,2459869.122011 ,52482.994803 ,52483.000000 ,-0.000726 ,0.000217 
2459869.260431 ,0.000257 ,TESS,2459869.261192 ,52483.991535 ,52484.000000 ,-0.001182 ,0.000257 
2459869.400269 ,0.000221 ,TESS,2459869.401030 ,52484.992973 ,52485.000000 ,-0.000981 ,0.000221 
2459869.540763 ,0.000118 ,TESS,2459869.541524 ,52485.999107 ,52486.000000 ,-0.000125 ,0.000118 
2459869.679646 ,0.000278 ,TESS,2459869.680407 ,52486.993705 ,52487.000000 ,-0.000879 ,0.000278 
2459869.819582 ,0.000174 ,TESS,2459869.820343 ,52487.995844 ,52488.000000 ,-0.000580 ,0.000174 
2459869.959393 ,0.000237 ,TESS,2459869.960154 ,52488.997088 ,52489.000000 ,-0.000407 ,0.000237 
2459870.098386 ,0.000580 ,TESS,2459870.099147 ,52489.992474 ,52490.000000 ,-0.001051 ,0.000580 
2459870.238115 ,0.000382 ,TESS,2459870.238876 ,52490.993130 ,52491.000000 ,-0.000959 ,0.000382 
2459870.378211 ,0.000200 ,TESS,2459870.378972 ,52491.996415 ,52492.000000 ,-0.000501 ,0.000200 
2459870.517585 ,0.000206 ,TESS,2459870.518346 ,52492.994529 ,52493.000000 ,-0.000764 ,0.000206 
2459870.657684 ,0.000366 ,TESS,2459870.658445 ,52493.997835 ,52494.000000 ,-0.000302 ,0.000366 
2459870.797090 ,0.000373 ,TESS,2459870.797851 ,52494.996178 ,52495.000000 ,-0.000534 ,0.000373 
2459870.936390 ,0.000217 ,TESS,2459870.937151 ,52495.993763 ,52496.000000 ,-0.000871 ,0.000217 
2459871.076568 ,0.000152 ,TESS,2459871.077329 ,52496.997634 ,52497.000000 ,-0.000330 ,0.000152 
2459871.215795 ,0.000169 ,TESS,2459871.216556 ,52497.994696 ,52498.000000 ,-0.000741 ,0.000169 
2459871.355862 ,0.000093 ,TESS,2459871.356623 ,52498.997773 ,52499.000000 ,-0.000311 ,0.000093 
2459871.495827 ,0.000181 ,TESS,2459871.496588 ,52500.000119 ,52500.000000 ,0.000017 ,0.000181 
2459871.634838 ,0.000226 ,TESS,2459871.635599 ,52500.995634 ,52501.000000 ,-0.000610 ,0.000226 
2459871.774997 ,0.000290 ,TESS,2459871.775758 ,52501.999370 ,52502.000000 ,-0.000088 ,0.000290 
2459871.915098 ,0.000338 ,TESS,2459871.915859 ,52503.002690 ,52503.000000 ,0.000376 ,0.000338 
2459872.054136 ,0.000245 ,TESS,2459872.054897 ,52503.998398 ,52504.000000 ,-0.000224 ,0.000245 
2459872.193951 ,0.000237 ,TESS,2459872.194712 ,52504.999671 ,52505.000000 ,-0.000046 ,0.000237 
2459872.333674 ,0.000199 ,TESS,2459872.334435 ,52506.000284 ,52506.000000 ,0.000040 ,0.000199 
2459872.472781 ,0.000267 ,TESS,2459872.473542 ,52506.996486 ,52507.000000 ,-0.000491 ,0.000267 
2459872.612774 ,0.000217 ,TESS,2459872.613535 ,52507.999033 ,52508.000000 ,-0.000135 ,0.000217 
2459872.751846 ,0.000223 ,TESS,2459872.752607 ,52508.994985 ,52509.000000 ,-0.000700 ,0.000223 
2459872.891702 ,0.000229 ,TESS,2459872.892463 ,52509.996551 ,52510.000000 ,-0.000482 ,0.000229 
2459873.031596 ,0.000327 ,TESS,2459873.032357 ,52510.998389 ,52511.000000 ,-0.000225 ,0.000327 
2459873.171168 ,0.000210 ,TESS,2459873.171929 ,52511.997921 ,52512.000000 ,-0.000290 ,0.000210 
2459873.311275 ,0.000238 ,TESS,2459873.312036 ,52513.001284 ,52513.000000 ,0.000179 ,0.000238 
2459873.589405 ,0.000259 ,TESS,2459873.590166 ,52514.993087 ,52515.000000 ,-0.000965 ,0.000259 
2459873.729338 ,0.000112 ,TESS,2459873.730099 ,52515.995204 ,52516.000000 ,-0.000670 ,0.000112 
2459873.869052 ,0.000184 ,TESS,2459873.869813 ,52516.995753 ,52517.000000 ,-0.000593 ,0.000184 
2459874.008958 ,0.000254 ,TESS,2459874.009719 ,52517.997677 ,52518.000000 ,-0.000324 ,0.000254 
2459874.148498 ,0.000218 ,TESS,2459874.149259 ,52518.996980 ,52519.000000 ,-0.000422 ,0.000218 
2459874.288287 ,0.000269 ,TESS,2459874.289048 ,52519.998066 ,52520.000000 ,-0.000270 ,0.000269 
2459874.427792 ,0.000200 ,TESS,2459874.428553 ,52520.997119 ,52521.000000 ,-0.000402 ,0.000200 
2459874.567444 ,0.000269 ,TESS,2459874.568205 ,52521.997224 ,52522.000000 ,-0.000388 ,0.000269 
2459874.846550 ,0.000107 ,TESS,2459874.847311 ,52523.996016 ,52524.000000 ,-0.000556 ,0.000107 
2459874.986175 ,0.000299 ,TESS,2459874.986936 ,52524.995927 ,52525.000000 ,-0.000569 ,0.000299 
2459875.125102 ,0.001148 ,TESS,2459875.125863 ,52525.990840 ,52526.000000 ,-0.001279 ,0.001148 
2459875.265517 ,0.000474 ,TESS,2459875.266278 ,52526.996409 ,52527.000000 ,-0.000501 ,0.000474 
2459875.404898 ,0.000165 ,TESS,2459875.405659 ,52527.994574 ,52528.000000 ,-0.000758 ,0.000165 
2459875.544973 ,0.000165 ,TESS,2459875.545734 ,52528.997708 ,52529.000000 ,-0.000320 ,0.000165 
2459875.684759 ,0.000208 ,TESS,2459875.685520 ,52529.998773 ,52530.000000 ,-0.000171 ,0.000208 
2459875.824779 ,0.000429 ,TESS,2459875.825540 ,52531.001513 ,52531.000000 ,0.000211 ,0.000429 
2459875.963690 ,0.000426 ,TESS,2459875.964451 ,52531.996312 ,52532.000000 ,-0.000515 ,0.000426 
2459876.103621 ,0.000273 ,TESS,2459876.104382 ,52532.998415 ,52533.000000 ,-0.000221 ,0.000273 
2459876.242104 ,0.000135 ,TESS,2459876.242865 ,52533.990148 ,52534.000000 ,-0.001376 ,0.000135 
2459876.383424 ,0.000130 ,TESS,2459876.384185 ,52535.002198 ,52535.000000 ,0.000307 ,0.000130 
2459876.522482 ,0.000318 ,TESS,2459876.523243 ,52535.998049 ,52536.000000 ,-0.000272 ,0.000318 
2459876.662156 ,0.000342 ,TESS,2459876.662917 ,52536.998312 ,52537.000000 ,-0.000236 ,0.000342 
2459876.801412 ,0.000330 ,TESS,2459876.802173 ,52537.995581 ,52538.000000 ,-0.000617 ,0.000330 
2459876.942164 ,0.000211 ,TESS,2459876.942925 ,52539.003564 ,52539.000000 ,0.000498 ,0.000211 
2459877.081113 ,0.000161 ,TESS,2459877.081874 ,52539.998634 ,52540.000000 ,-0.000191 ,0.000161 
2459877.220093 ,0.000246 ,TESS,2459877.220854 ,52540.993927 ,52541.000000 ,-0.000848 ,0.000246 
2459877.360308 ,0.000421 ,TESS,2459877.361069 ,52541.998064 ,52542.000000 ,-0.000270 ,0.000421 
2459877.500320 ,0.000283 ,TESS,2459877.501081 ,52543.000747 ,52543.000000 ,0.000104 ,0.000283 
2459877.639287 ,0.000192 ,TESS,2459877.640048 ,52543.995946 ,52544.000000 ,-0.000566 ,0.000192 
2459877.778178 ,0.000287 ,TESS,2459877.778939 ,52544.990601 ,52545.000000 ,-0.001312 ,0.000287 
2459877.918500 ,0.000103 ,TESS,2459877.919261 ,52545.995504 ,52546.000000 ,-0.000628 ,0.000103 
2459878.057501 ,0.000166 ,TESS,2459878.058262 ,52546.990947 ,52547.000000 ,-0.001264 ,0.000166 
2459878.197931 ,0.000519 ,TESS,2459878.198692 ,52547.996624 ,52548.000000 ,-0.000471 ,0.000519 
2459878.337623 ,0.000182 ,TESS,2459878.338384 ,52548.997016 ,52549.000000 ,-0.000417 ,0.000182 
2459878.476484 ,0.000266 ,TESS,2459878.477245 ,52549.991456 ,52550.000000 ,-0.001193 ,0.000266 
2459878.616390 ,0.000250 ,TESS,2459878.617151 ,52550.993380 ,52551.000000 ,-0.000924 ,0.000250 
2459878.757022 ,0.000270 ,TESS,2459878.757783 ,52552.000503 ,52552.000000 ,0.000070 ,0.000270 
2459878.895867 ,0.000221 ,TESS,2459878.896628 ,52552.994829 ,52553.000000 ,-0.000722 ,0.000221 
2459879.035464 ,0.000199 ,TESS,2459879.036225 ,52553.994540 ,52554.000000 ,-0.000762 ,0.000199 
2459879.175407 ,0.000393 ,TESS,2459879.176168 ,52554.996729 ,52555.000000 ,-0.000457 ,0.000393 
2459879.315405 ,0.000205 ,TESS,2459879.316166 ,52555.999312 ,52556.000000 ,-0.000096 ,0.000205 
2459879.454252 ,0.000232 ,TESS,2459879.455013 ,52556.993652 ,52557.000000 ,-0.000886 ,0.000232 
2459879.594081 ,0.000172 ,TESS,2459879.594842 ,52557.995025 ,52558.000000 ,-0.000695 ,0.000172 
2459879.734414 ,0.000357 ,TESS,2459879.735175 ,52559.000006 ,52559.000000 ,0.000001 ,0.000357 
2459879.873497 ,0.000219 ,TESS,2459879.874258 ,52559.996037 ,52560.000000 ,-0.000553 ,0.000219 
2459880.013412 ,0.000266 ,TESS,2459880.014173 ,52560.998025 ,52561.000000 ,-0.000276 ,0.000266 
2459880.153552 ,0.000631 ,TESS,2459880.154313 ,52562.001625 ,52562.000000 ,0.000227 ,0.000631 
2459880.292658 ,0.000539 ,TESS,2459880.293419 ,52562.997820 ,52563.000000 ,-0.000304 ,0.000539 
2459880.432467 ,0.000224 ,TESS,2459880.433228 ,52563.999049 ,52564.000000 ,-0.000133 ,0.000224 
2459880.572164 ,0.000279 ,TESS,2459880.572925 ,52564.999476 ,52565.000000 ,-0.000073 ,0.000279 
2459880.711572 ,0.000244 ,TESS,2459880.712333 ,52565.997834 ,52566.000000 ,-0.000302 ,0.000244 
2459880.850634 ,0.000165 ,TESS,2459880.851395 ,52566.993714 ,52567.000000 ,-0.000878 ,0.000165 
2459880.991592 ,0.000433 ,TESS,2459880.992353 ,52568.003172 ,52568.000000 ,0.000443 ,0.000433 
2459881.129757 ,0.000566 ,TESS,2459881.130518 ,52568.992628 ,52569.000000 ,-0.001029 ,0.000566 
2459881.269887 ,0.000463 ,TESS,2459881.270648 ,52569.996156 ,52570.000000 ,-0.000537 ,0.000463 
2459881.409078 ,0.000278 ,TESS,2459881.409839 ,52570.992959 ,52571.000000 ,-0.000983 ,0.000278 
2459881.548962 ,0.000253 ,TESS,2459881.549723 ,52571.994726 ,52572.000000 ,-0.000736 ,0.000253 
2459881.688138 ,0.000173 ,TESS,2459881.688899 ,52572.991422 ,52573.000000 ,-0.001198 ,0.000173 
2459881.828048 ,0.000105 ,TESS,2459881.828809 ,52573.993375 ,52574.000000 ,-0.000925 ,0.000105 
2459881.968725 ,0.000188 ,TESS,2459881.969486 ,52575.000820 ,52575.000000 ,0.000115 ,0.000188 
2459882.107951 ,0.000129 ,TESS,2459882.108712 ,52575.997875 ,52576.000000 ,-0.000297 ,0.000129 
